date,open,high,close,low,volume,price_change,p_change,ma5,ma10,ma20,v_ma5,v_ma10,v_ma20,turnover
2020-12-07,6.85,6.86,6.74,6.72,303072.25,-0.11,-1.61,6.84,6.791,6.675,369069.78,456946.72,387464.44,0.2
2020-12-04,6.89,6.9,6.85,6.82,306429.16,-0.04,-0.58,6.848,6.785,6.664,457292.24,484382.96,387781.92,0.21
2020-12-03,6.93,6.94,6.89,6.87,347120.41,-0.01,-0.14,6.848,6.761,6.645,487394.86,477672.06,385416.82,0.23
2020-12-02,6.82,6.99,6.9,6.78,503159.91,0.08,1.17,6.822,6.732,6.623,512754.02,467025.61,376401.19,0.34
2020-12-01,6.78,6.85,6.82,6.73,385567.16,0.04,0.59,6.778,6.704,6.6,571681.13,456278.09,360072.47,0.26
2020-11-30,6.84,6.95,6.78,6.75,744184.56,-0.07,-1.02,6.742,6.68,6.579,544823.66,465187.93,351027.23,0.5
2020-11-27,6.78,6.86,6.85,6.73,456942.28,0.09,1.33,6.722,6.655,6.557,511473.68,423990.16,328649.88,0.31
2020-11-26,6.68,6.81,6.76,6.65,473916.19,0.08,1.2,6.674,6.615,6.535,467949.25,399573.6,316006.04,0.32
2020-11-25,6.77,6.85,6.68,6.68,797795.44,0.04,0.6,6.642,6.59,6.519,421297.2,367144.23,302374.93,0.54
2020-11-24,6.67,6.69,6.64,6.64,251279.81,-0.04,-0.6,6.63,6.574,6.507,340875.06,313413.02,268714.89,0.17
2020-11-23,6.62,6.7,6.68,6.56,577434.69,0.07,1.06,6.618,6.559,6.497,385552.2,317982.17,263370.78,0.39
2020-11-20,6.58,6.64,6.61,6.56,239320.12,0.01,0.15,6.588,6.543,6.487,336506.63,291180.88,241257.84,0.16
2020-11-19,6.64,6.65,6.6,6.57,240655.92,-0.02,-0.3,6.556,6.529,6.482,331197.94,293161.59,235470.86,0.16
2020-11-18,6.58,6.65,6.62,6.54,395684.75,0.04,0.61,6.538,6.514,6.476,312991.26,285776.78,231606.97,0.27
2020-11-17,6.54,6.62,6.58,6.51,474665.5,0.05,0.77,6.518,6.496,6.471,285950.98,263866.85,219949.52,0.32
2020-11-16,6.46,6.55,6.53,6.46,332206.88,0.08,1.24,6.5,6.478,6.466,250412.14,236866.53,204782.0,0.22
2020-11-13,6.49,6.51,6.45,6.43,212776.67,-0.06,-0.92,6.498,6.459,6.464,245855.13,233309.61,198962.67,0.14
2020-11-12,6.53,6.55,6.51,6.5,149622.52,-0.01,-0.15,6.502,6.455,6.466,255125.23,232438.49,196296.82,0.1
2020-11-11,6.48,6.55,6.52,6.45,260483.33,0.03,0.46,6.49,6.447,6.465,258562.29,237605.63,195470.57,0.18
2020-11-10,6.55,6.55,6.49,6.46,296971.31,-0.03,-0.46,6.474,6.44,6.465,241782.72,224016.76,193542.26,0.2
2020-11-09,6.49,6.55,6.52,6.47,309421.84,0.05,0.77,6.456,6.435,6.465,223320.92,208759.39,189860.32,0.21
2020-11-06,6.45,6.5,6.47,6.44,259127.16,0.02,0.31,6.42,6.431,6.465,220764.09,191334.8,187897.77,0.17
2020-11-05,6.46,6.49,6.45,6.45,166807.81,0.01,0.15,6.408,6.434,6.464,209751.74,177780.13,186683.17,0.11
2020-11-04,6.4,6.45,6.44,6.38,176585.5,0.04,0.62,6.404,6.438,6.46,216648.97,177437.17,185191.49,0.12
2020-11-03,6.35,6.41,6.4,6.35,204662.31,0.06,0.95,6.406,6.445,6.457,206250.8,176032.19,182541.67,0.14
2020-11-02,6.39,6.4,6.34,6.33,296637.66,-0.07,-1.09,6.414,6.453,6.456,194197.85,172697.46,182889.94,0.2
2020-10-30,6.43,6.45,6.41,6.37,204065.42,-0.02,-0.31,6.442,6.468,6.456,161905.5,164615.74,179292.61,0.14
2020-10-29,6.41,6.45,6.43,6.37,201293.98,-0.02,-0.31,6.46,6.477,6.454,145808.53,160155.15,181770.47,0.14
2020-10-28,6.44,6.45,6.45,6.4,124594.65,0.01,0.15,6.472,6.482,6.454,138225.37,153335.51,179854.27,0.08
2020-10-27,6.46,6.47,6.44,6.44,144397.55,-0.04,-0.62,6.484,6.489,6.453,145813.58,163067.76,184416.27,0.1
2020-10-26,6.5,6.51,6.48,6.45,135175.92,-0.02,-0.31,6.492,6.495,6.455,151197.06,170961.25,188145.14,0.09
2020-10-23,6.5,6.52,6.5,6.48,123580.53,0.01,0.15,6.494,6.499,6.457,167325.97,184460.73,198778.98,0.08
2020-10-22,6.51,6.52,6.49,6.48,163378.19,-0.02,-0.31,6.494,6.493,6.453,174501.77,195586.21,203658.52,0.11
2020-10-21,6.48,6.52,6.51,6.46,162535.73,0.03,0.46,6.492,6.481,6.451,168445.66,192945.8,207006.93,0.11
2020-10-20,6.48,6.51,6.48,6.45,171314.94,-0.01,-0.15,6.494,6.468,6.449,180321.93,189051.14,216503.21,0.12
2020-10-19,6.5,6.56,6.49,6.49,215820.44,-0.01,-0.15,6.498,6.458,6.45,190725.43,193082.43,220399.48,0.15
2020-10-16,6.49,6.52,6.5,6.48,159459.55,0.02,0.31,6.504,6.443,6.451,201595.5,193969.49,222751.93,0.11
2020-10-15,6.51,6.53,6.48,6.48,133097.62,-0.04,-0.61,6.492,6.431,6.454,216670.65,203385.79,231331.88,0.09
2020-10-14,6.49,6.52,6.52,6.49,221917.12,0.02,0.31,6.47,6.426,6.458,217445.95,206373.04,240673.66,0.15
2020-10-13,6.51,6.52,6.5,6.47,223332.44,-0.02,-0.31,6.442,6.417,6.46,197780.34,205764.79,242465.51,0.15
2020-10-12,6.45,6.53,6.52,6.44,270170.78,0.08,1.24,6.418,6.415,6.461,195439.42,205329.03,243735.91,0.18
2020-10-09,6.4,6.45,6.44,6.39,234835.31,0.07,1.1,6.382,6.414,6.461,186343.48,213097.23,245853.64,0.16
2020-09-30,6.38,6.39,6.37,6.35,136974.11,-0.01,-0.16,6.37,6.413,6.467,190100.92,211730.83,244112.34,0.09
2020-09-29,6.38,6.4,6.38,6.36,123589.08,0.0,0.0,6.382,6.421,6.477,195300.12,221068.06,249686.59,0.08
2020-09-28,6.35,6.39,6.38,6.33,211627.84,0.04,0.63,6.392,6.429,6.488,213749.23,243955.27,254305.88,0.14
2020-09-25,6.4,6.4,6.34,6.32,224691.06,-0.04,-0.63,6.412,6.441,6.5,215218.64,247716.54,261511.41,0.15
2020-09-24,6.41,6.43,6.38,6.38,253622.53,-0.05,-0.78,6.446,6.459,6.513,239850.98,251534.37,262073.99,0.17
2020-09-23,6.47,6.47,6.43,6.42,162970.09,0.0,0.0,6.456,6.476,6.523,233360.73,259277.97,260583.47,0.11
2020-09-22,6.46,6.48,6.43,6.42,215834.64,-0.05,-0.77,6.46,6.489,6.528,246836.0,274974.28,262276.44,0.15
2020-09-21,6.51,6.52,6.48,6.46,218974.89,-0.03,-0.46,6.466,6.503,6.535,274161.31,279166.23,260988.38,0.15
2020-09-18,6.44,6.51,6.51,6.43,347852.75,0.08,1.24,6.47,6.507,6.54,280214.43,282142.79,260346.99,0.23
2020-09-17,6.45,6.47,6.43,6.42,221171.3,-0.02,-0.31,6.472,6.508,6.544,263217.76,278610.05,255997.85,0.15
2020-09-16,6.46,6.49,6.45,6.44,230346.41,-0.01,-0.15,6.496,6.52,6.552,285195.2,276493.85,258918.17,0.15
2020-09-15,6.5,6.51,6.46,6.44,352461.22,-0.04,-0.61,6.518,6.532,6.562,303112.56,278305.12,260368.67,0.24
2020-09-14,6.53,6.53,6.5,6.48,249240.47,-0.02,-0.31,6.54,6.546,6.573,284171.14,264656.49,256723.82,0.17
2020-09-11,6.54,6.55,6.52,6.51,262869.41,-0.03,-0.46,6.544,6.558,6.584,284071.15,275306.28,267228.85,0.18
2020-09-10,6.58,6.6,6.55,6.53,331058.47,-0.01,-0.15,6.544,6.566,6.59,294002.34,272613.61,266423.87,0.22
2020-09-09,6.55,6.6,6.56,6.54,319933.22,-0.01,-0.15,6.544,6.569,6.594,267792.51,261888.98,265448.77,0.22
2020-09-08,6.54,6.59,6.57,6.53,257754.12,0.05,0.77,6.546,6.566,6.597,253497.68,249578.61,279819.37,0.17
2020-09-07,6.52,6.56,6.52,6.51,248740.52,0.0,0.0,6.552,6.567,6.594,245141.85,242810.53,288054.63,0.17
2020-09-04,6.53,6.54,6.52,6.5,312525.38,-0.03,-0.46,6.572,6.573,6.595,266541.42,238551.18,294830.51,0.21
2020-09-03,6.56,6.6,6.55,6.54,200009.31,-0.02,-0.3,6.588,6.58,6.592,251224.88,233385.64,294251.68,0.13
2020-09-02,6.6,6.6,6.57,6.53,248459.05,-0.03,-0.46,6.594,6.584,6.59,255985.45,241342.49,301590.15,0.17
2020-09-01,6.62,6.63,6.6,6.57,215974.98,-0.02,-0.3,6.586,6.592,6.587,245659.54,242432.23,306042.75,0.15
2020-08-31,6.62,6.66,6.62,6.58,355738.38,0.02,0.3,6.582,6.6,6.585,240479.2,248791.14,321510.1,0.24
2020-08-28,6.58,6.62,6.6,6.54,235942.67,0.02,0.3,6.574,6.61,6.58,210560.94,259151.42,324122.9,0.16
2020-08-27,6.55,6.6,6.58,6.52,223812.16,0.05,0.77,6.572,6.614,6.575,215546.4,260234.12,332468.2,0.15
2020-08-26,6.6,6.6,6.53,6.53,196829.53,-0.05,-0.76,6.574,6.618,6.573,226699.52,269008.56,334027.92,0.13
2020-08-25,6.58,6.62,6.58,6.57,190073.27,0.0,0.0,6.598,6.627,6.573,239204.91,310060.13,337224.74,0.13
2020-08-24,6.6,6.61,6.58,6.57,206147.09,-0.01,-0.15,6.618,6.62,6.568,257103.07,333298.74,339801.33,0.14
2020-08-21,6.61,6.63,6.59,6.56,260869.94,0.0,0.0,6.646,6.616,6.561,307741.89,351109.84,339894.37,0.18
2020-08-20,6.65,6.65,6.59,6.57,279577.78,-0.06,-0.9,6.656,6.603,6.554,304921.85,355117.72,359083.56,0.19
2020-08-19,6.65,6.7,6.65,6.63,259356.47,-0.03,-0.45,6.662,6.595,6.552,311317.59,361837.81,375449.28,0.17
2020-08-18,6.71,6.71,6.68,6.65,279564.09,-0.04,-0.59,6.656,6.582,6.552,380915.35,369653.26,384922.14,0.19
2020-08-17,6.64,6.74,6.72,6.64,459341.19,0.08,1.21,6.622,6.57,6.551,409494.41,394229.07,390000.01,0.31
2020-08-14,6.62,6.64,6.64,6.57,246769.72,0.02,0.3,6.586,6.55,6.549,394477.78,389094.38,389016.08,0.17
2020-08-13,6.63,6.64,6.62,6.58,311556.5,0.0,0.0,6.55,6.535,6.545,405313.59,404702.28,398588.07,0.21
2020-08-12,6.5,6.63,6.62,6.49,607345.25,0.11,1.69,6.528,6.527,6.544,412358.03,399047.28,409886.9,0.41
2020-08-11,6.55,6.62,6.51,6.49,422459.41,-0.03,-0.46,6.508,6.519,6.55,358391.18,364389.35,403183.31,0.28
2020-08-10,6.46,6.55,6.54,6.45,384258.03,0.08,1.24,6.518,6.516,6.564,378963.72,346303.91,409068.28,0.26
2020-08-07,6.5,6.51,6.46,6.44,300948.75,-0.05,-0.77,6.514,6.506,6.581,383710.97,328678.91,423395.25,0.2
2020-08-06,6.53,6.53,6.51,6.46,346778.72,-0.01,-0.15,6.52,6.504,6.601,404090.96,363049.4,428975.77,0.23
2020-08-05,6.57,6.58,6.52,6.51,337510.97,-0.04,-0.61,6.526,6.508,6.625,385736.52,389060.74,442854.41,0.23
2020-08-04,6.53,6.61,6.56,6.5,525322.12,0.04,0.61,6.53,6.521,6.646,370387.52,400191.01,460431.63,0.35
2020-08-03,6.5,6.55,6.52,6.5,407994.28,0.03,0.46,6.514,6.531,6.666,313644.11,385770.96,477295.49,0.27
2020-07-31,6.55,6.59,6.49,6.47,402848.72,-0.05,-0.77,6.498,6.548,6.691,273646.85,388937.79,499274.22,0.27
2020-07-30,6.55,6.58,6.54,6.52,255006.53,0.0,0.0,6.488,6.555,6.702,322007.84,392473.87,507281.33,0.17
2020-07-29,6.48,6.56,6.54,6.45,260765.95,0.06,0.93,6.49,6.561,6.705,392384.96,420726.51,529397.55,0.18
2020-07-28,6.45,6.51,6.48,6.45,241605.06,0.04,0.62,6.512,6.58,6.729,429994.49,441977.28,535281.55,0.16
2020-07-27,6.46,6.48,6.44,6.41,208007.98,0.0,0.0,6.548,6.612,6.757,457897.81,471832.65,536793.15,0.14
2020-07-24,6.53,6.54,6.44,6.41,644653.69,-0.11,-1.68,6.598,6.655,6.785,504228.73,518111.6,538430.12,0.43
2020-07-23,6.63,6.63,6.55,6.51,606892.12,-0.1,-1.5,6.622,6.697,6.816,462939.89,494902.14,515939.72,0.41
2020-07-22,6.65,6.7,6.65,6.62,448813.62,-0.01,-0.15,6.632,6.741,6.842,449068.07,496648.09,499339.68,0.3
2020-07-21,6.7,6.72,6.66,6.63,381121.62,-0.03,-0.45,6.648,6.77,6.863,453960.07,520672.25,485067.83,0.26
2020-07-20,6.58,6.72,6.69,6.57,439662.62,0.13,1.98,6.676,6.801,6.887,485767.49,568820.03,482726.11,0.3
2020-07-17,6.62,6.65,6.56,6.54,438209.47,-0.04,-0.61,6.712,6.833,6.907,531994.47,609610.64,469965.95,0.29
2020-07-16,6.73,6.77,6.6,6.59,537533.0,-0.13,-1.93,6.772,6.848,6.931,526864.39,622088.8,458288.1,0.36
2020-07-15,6.8,6.85,6.73,6.72,473273.62,-0.07,-1.03,6.85,6.848,6.951,544228.1,638068.6,439615.96,0.32
2020-07-14,6.88,6.92,6.8,6.78,540158.75,-0.07,-1.02,6.892,6.877,6.961,587384.43,628585.82,424636.1,0.36
2020-07-13,6.84,6.91,6.87,6.82,670797.5,0.01,0.15,6.926,6.901,6.968,651872.57,601753.65,410197.04,0.45
2020-07-10,6.96,6.97,6.86,6.83,412559.09,-0.13,-1.86,6.954,6.914,6.975,687226.82,558748.63,390930.76,0.28
2020-07-09,7.0,7.05,6.99,6.92,624351.56,0.05,0.72,6.924,6.935,6.984,717313.21,536977.29,379239.93,0.42
2020-07-08,6.96,6.96,6.94,6.82,689055.25,-0.03,-0.43,6.846,6.943,6.987,731909.09,502031.27,361979.46,0.46
2020-07-07,7.12,7.19,6.97,6.97,862599.44,-0.04,-0.57,6.862,6.956,6.989,669787.21,449463.42,335287.19,0.58
2020-07-06,6.76,7.03,7.01,6.74,847568.75,0.3,4.47,6.876,6.972,6.988,551634.73,396632.18,301110.96,0.57
2020-07-03,6.6,6.71,6.71,6.59,562991.06,0.11,1.67,6.874,6.98,6.984,430270.44,330321.25,267582.16,0.38
2020-07-02,6.54,6.6,6.6,6.43,697330.94,0.06,0.92,6.946,7.014,6.996,356641.37,294487.39,251625.49,0.47
2020-07-01,7.04,7.04,7.02,6.98,378445.88,-0.02,-0.28,7.04,7.053,7.012,272153.45,241163.32,229403.49,0.25
2020-06-30,7.01,7.06,7.04,6.99,271837.03,0.04,0.57,7.05,7.045,7.004,229139.62,220686.38,220764.13,0.18
2020-06-29,7.01,7.05,7.0,6.99,240747.31,-0.07,-0.99,7.068,7.035,6.993,241629.63,218640.43,217383.46,0.16
2020-06-24,7.09,7.1,7.07,7.03,194845.7,0.0,0.0,7.086,7.036,6.986,230372.05,223112.88,216291.75,0.13
2020-06-23,7.07,7.11,7.07,7.02,274891.31,0.0,0.0,7.082,7.032,6.973,232333.41,221502.57,220750.11,0.18
2020-06-22,7.13,7.14,7.07,7.04,163376.73,-0.06,-0.84,7.066,7.03,6.959,210173.19,221927.65,219826.36,0.11
2020-06-19,7.11,7.16,7.13,7.07,334287.12,0.04,0.56,7.04,7.021,6.943,212233.15,221110.97,223539.72,0.22
2020-06-18,7.05,7.1,7.09,7.02,184459.41,0.04,0.57,7.002,7.004,6.924,195651.22,205589.73,220839.99,0.12
2020-06-17,7.01,7.07,7.05,6.98,204652.5,0.06,0.86,6.986,6.988,6.911,215853.71,204843.07,218912.0,0.14
2020-06-16,6.96,7.02,6.99,6.94,164090.2,0.05,0.72,6.982,6.977,6.9,210671.73,208763.58,223742.78,0.11
2020-06-15,6.94,6.97,6.94,6.9,173676.52,0.0,0.0,6.994,6.971,6.896,233682.11,217643.67,234944.65,0.12
2020-06-12,6.95,7.01,6.94,6.93,251377.48,-0.07,-1.0,7.002,6.963,6.895,229988.79,220841.88,244820.2,0.17
2020-06-11,7.03,7.08,7.01,7.0,285471.84,-0.02,-0.28,7.006,6.951,6.894,215528.24,216126.5,242505.1,0.19
2020-06-10,7.08,7.08,7.03,7.02,178742.59,-0.02,-0.28,6.99,6.936,6.89,193832.43,209470.62,238365.9,0.12
2020-06-09,6.99,7.07,7.05,6.97,279142.12,0.07,1.0,6.972,6.914,6.887,206855.44,219997.65,243256.67,0.19
2020-06-08,6.98,6.99,6.98,6.95,155209.94,0.02,0.29,6.948,6.887,6.882,201605.22,217725.07,245089.39,0.1
2020-06-05,6.95,6.97,6.96,6.93,179074.69,0.03,0.43,6.924,6.864,6.881,211694.97,225968.47,260784.85,0.12
2020-06-04,6.95,6.97,6.93,6.91,176992.81,-0.01,-0.14,6.896,6.844,6.881,216724.77,236090.24,266752.57,0.12
2020-06-03,6.94,7.02,6.94,6.93,243857.62,0.01,0.14,6.882,6.833,6.883,225108.81,232980.93,279634.16,0.16
2020-06-02,6.87,6.94,6.93,6.86,252891.05,0.07,1.02,6.856,6.823,6.886,233139.86,238721.98,292171.07,0.17
2020-06-01,6.82,6.88,6.86,6.81,205658.66,0.04,0.59,6.826,6.82,6.898,233844.91,252245.64,311162.15,0.14
2020-05-29,6.87,6.89,6.82,6.82,204223.69,-0.04,-0.58,6.804,6.827,6.909,240241.98,268798.52,325861.36,0.14
2020-05-28,6.82,6.89,6.86,6.82,218913.02,0.05,0.73,6.792,6.837,6.904,255455.72,268883.69,325340.3,0.15
2020-05-27,6.76,6.83,6.81,6.75,284012.88,0.03,0.44,6.784,6.844,6.9,240853.06,267261.18,324389.96,0.19
2020-05-26,6.76,6.79,6.78,6.74,256416.3,0.03,0.44,6.79,6.859,6.9,244304.1,266515.69,315498.81,0.17
2020-05-25,6.75,6.78,6.75,6.73,237644.0,-0.01,-0.15,6.814,6.877,6.902,270646.38,272453.72,312154.94,0.16
2020-05-22,6.82,6.83,6.76,6.75,280292.41,-0.06,-0.88,6.85,6.898,6.904,297355.06,295601.24,308375.97,0.19
2020-05-21,6.85,6.86,6.82,6.81,145899.69,-0.02,-0.29,6.882,6.917,6.903,282311.67,297414.89,302540.77,0.1
2020-05-20,6.9,6.9,6.84,6.83,301268.09,-0.06,-0.87,6.904,6.932,6.903,293669.3,326287.39,302379.53,0.2
2020-05-19,6.94,6.96,6.9,6.89,388127.69,-0.03,-0.43,6.928,6.948,6.903,288727.28,345620.15,294894.63,0.26
2020-05-18,6.95,6.96,6.93,6.9,371187.41,0.01,0.14,6.94,6.976,6.9,274261.06,370078.65,284755.82,0.25
2020-05-15,6.94,6.96,6.92,6.91,205075.45,-0.01,-0.14,6.946,6.991,6.896,293847.41,382924.21,272942.66,0.14
2020-05-14,6.96,6.97,6.93,6.93,202687.84,-0.03,-0.43,6.952,6.971,6.894,312518.11,381796.91,269421.75,0.14
2020-05-13,6.96,6.98,6.96,6.95,276558.03,0.0,0.0,6.96,6.956,6.888,358905.48,381518.75,264365.76,0.19
2020-05-12,6.96,7.03,6.96,6.95,315796.59,0.0,0.0,6.968,6.941,6.885,402513.02,364481.93,257766.6,0.21
2020-05-11,6.95,7.01,6.96,6.92,469119.16,0.01,0.14,7.012,6.927,6.88,465896.24,351856.16,247227.8,0.32
2020-05-08,6.98,6.98,6.95,6.93,298428.94,-0.02,-0.29,7.036,6.909,6.875,472001.0,321150.7,229654.05,0.2
2020-05-07,7.01,7.04,6.97,6.91,434624.69,-0.03,-0.43,6.99,6.888,6.872,451075.7,307666.65,229025.71,0.29
2020-05-06,7.06,7.15,7.0,6.97,494595.72,-0.18,-2.51,6.952,6.873,6.862,404132.01,278471.67,215251.98,0.33
2020-04-30,7.05,7.3,7.18,7.05,632712.69,0.1,1.41,6.914,6.858,6.852,326450.84,244169.1,200607.7,0.43
2020-04-29,6.8,7.09,7.08,6.8,499642.97,0.36,5.36,6.842,6.823,6.83,237816.08,199432.98,182193.39,0.34
2020-04-28,6.79,6.82,6.72,6.7,193802.45,-0.06,-0.89,6.782,6.8,6.816,170300.41,162961.12,163841.45,0.13
2020-04-27,6.82,6.85,6.78,6.78,199906.22,-0.03,-0.44,6.786,6.817,6.82,164257.59,157046.59,163552.85,0.13
2020-04-24,6.82,6.83,6.81,6.77,106189.87,-0.01,-0.15,6.794,6.82,6.823,152811.32,147212.77,162050.23,0.07
2020-04-23,6.8,6.84,6.82,6.78,189538.88,0.04,0.59,6.802,6.828,6.822,161887.37,151051.28,169734.02,0.13
2020-04-22,6.74,6.79,6.78,6.7,162064.61,0.04,0.59,6.804,6.832,6.826,161049.88,142599.43,170979.77,0.11
2020-04-21,6.8,6.82,6.74,6.74,163588.38,-0.08,-1.17,6.818,6.841,6.829,155621.84,138157.4,178774.46,0.11
2020-04-20,6.85,6.87,6.82,6.81,142674.86,-0.03,-0.44,6.848,6.855,6.826,149835.58,150384.77,181857.88,0.1
2020-04-17,6.84,6.87,6.85,6.8,151570.11,0.02,0.29,6.846,6.851,6.825,141614.21,152032.29,190344.11,0.1
2020-04-16,6.83,6.85,6.83,6.79,185351.45,-0.02,-0.29,6.854,6.846,6.82,140215.19,157046.3,205592.49,0.12
2020-04-15,6.89,6.89,6.85,6.85,134924.38,-0.04,-0.58,6.86,6.836,6.827,124148.98,164953.8,210767.85,0.09
2020-04-14,6.82,6.89,6.89,6.8,134657.12,0.08,1.18,6.864,6.831,6.837,120692.97,164721.78,219605.78,0.09
2020-04-13,6.86,6.89,6.81,6.8,101568.0,-0.08,-1.16,6.862,6.822,6.844,150933.95,170059.11,229988.3,0.07
2020-04-10,6.88,6.91,6.89,6.85,144575.0,0.03,0.44,6.856,6.826,6.856,162450.37,176887.69,246692.73,0.1
2020-04-09,6.87,6.89,6.86,6.85,105020.41,-0.01,-0.15,6.838,6.816,6.868,173877.4,188416.77,260507.44,0.07
2020-04-08,6.86,6.89,6.87,6.83,117644.33,-0.01,-0.14,6.812,6.82,6.881,205758.62,199360.12,271727.16,0.08
2020-04-07,6.83,6.9,6.88,6.82,285862.03,0.1,1.48,6.798,6.816,6.897,208750.6,219391.51,282009.53,0.19
2020-04-03,6.77,6.79,6.78,6.74,159150.06,-0.02,-0.29,6.782,6.797,6.909,189184.27,213331.0,287670.83,0.11
2020-04-02,6.74,6.8,6.8,6.69,201710.19,0.07,1.04,6.796,6.798,6.934,191325.0,228655.92,292788.52,0.14
2020-04-01,6.78,6.8,6.73,6.71,264426.5,-0.07,-1.03,6.794,6.794,6.963,202956.13,254138.68,303085.73,0.18
2020-03-31,6.85,6.87,6.8,6.77,132604.2,0.0,0.0,6.828,6.818,6.992,192961.61,256581.9,309891.07,0.09
2020-03-30,6.81,6.85,6.8,6.75,188030.38,-0.05,-0.73,6.834,6.843,7.014,230032.42,274489.77,321167.83,0.13
2020-03-27,6.84,6.9,6.85,6.82,169853.75,0.06,0.88,6.812,6.865,7.034,237477.73,289917.49,334655.29,0.11
2020-03-26,6.86,6.88,6.79,6.77,259865.8,-0.11,-1.59,6.8,6.885,7.046,265986.84,316497.77,355009.36,0.17
2020-03-25,6.93,6.94,6.9,6.85,214453.91,0.07,1.02,6.794,6.919,7.069,305321.23,332598.12,359879.16,0.14
2020-03-24,6.76,6.86,6.83,6.74,317958.25,0.14,2.09,6.808,6.941,7.088,320202.2,344094.2,366782.19,0.21
2020-03-23,6.71,6.77,6.69,6.69,225256.95,-0.1,-1.47,6.852,6.977,7.109,318947.11,344627.55,373936.22,0.15
2020-03-20,6.83,6.85,6.79,6.74,312399.28,0.03,0.44,6.918,7.021,7.14,342357.24,362010.66,380578.55,0.21
2020-03-19,6.93,6.97,6.76,6.7,456537.78,-0.21,-3.01,6.97,7.07,7.172,367008.7,356921.12,377533.35,0.31
2020-03-18,7.08,7.1,6.97,6.97,288858.72,-0.08,-1.14,7.044,7.132,7.205,359875.0,352032.78,367432.35,0.19
2020-03-17,7.01,7.1,7.05,6.97,311682.84,0.03,0.43,7.074,7.166,7.225,367986.2,363200.24,363610.54,0.21
2020-03-16,7.05,7.12,7.02,7.0,342307.59,-0.03,-0.43,7.102,7.184,7.241,370307.98,367845.89,359829.04,0.23
2020-03-13,7.0,7.1,7.05,6.92,435656.59,-0.08,-1.12,7.124,7.203,7.26,381664.09,379393.1,360872.89,0.29
2020-03-12,7.09,7.17,7.13,7.05,420869.28,0.01,0.14,7.17,7.206,7.273,346833.53,393520.94,351286.95,0.28
2020-03-11,7.19,7.19,7.12,7.11,329414.72,-0.07,-0.97,7.22,7.218,7.282,344190.55,387160.21,339044.65,0.22
2020-03-10,7.1,7.2,7.19,7.09,323291.72,0.06,0.84,7.258,7.235,7.294,358414.27,389470.17,335651.29,0.22
2020-03-09,7.19,7.23,7.13,7.12,399088.12,-0.15,-2.06,7.266,7.24,7.301,365383.8,403244.9,338833.31,0.27
2020-03-06,7.32,7.33,7.28,7.27,261503.81,-0.1,-1.35,7.282,7.259,7.309,377122.11,399146.44,343364.2,0.18
2020-03-05,7.34,7.4,7.38,7.31,407654.38,0.07,0.96,7.242,7.273,7.314,440208.35,398145.58,346354.13,0.27
2020-03-04,7.21,7.32,7.31,7.19,400533.31,0.08,1.11,7.216,7.277,7.313,430129.87,382831.93,349779.27,0.27
2020-03-03,7.24,7.27,7.23,7.21,358139.38,0.02,0.28,7.212,7.283,7.317,420526.08,364020.85,348553.29,0.24
2020-03-02,7.08,7.22,7.21,7.08,457779.69,0.13,1.84,7.214,7.298,7.325,441106.0,351812.19,357451.05,0.31
2020-02-28,7.17,7.2,7.08,7.08,576935.0,-0.17,-2.35,7.236,7.317,7.325,421170.76,342352.68,367951.32,0.39
2020-02-27,7.31,7.31,7.25,7.22,357261.97,-0.04,-0.55,7.304,7.339,7.356,356082.81,309052.97,356622.09,0.24
2020-02-26,7.22,7.32,7.29,7.18,352514.34,0.05,0.69,7.338,7.346,7.386,335533.99,290929.09,351886.9,0.24
2020-02-25,7.26,7.31,7.24,7.19,461039.0,-0.08,-1.09,7.354,7.352,7.417,307515.62,281832.4,351967.94,0.31
2020-02-24,7.39,7.42,7.32,7.31,358103.47,-0.1,-1.35,7.382,7.362,7.455,262518.39,274421.73,341358.11,0.24
2020-02-21,7.41,7.44,7.42,7.39,251495.25,0.0,0.0,7.398,7.359,7.485,263534.6,287581.97,333570.79,0.17
2020-02-20,7.37,7.44,7.42,7.35,254517.88,0.05,0.68,7.374,7.354,7.51,262023.13,294562.69,333257.66,0.17
2020-02-19,7.37,7.39,7.37,7.35,212422.5,-0.01,-0.14,7.354,7.349,7.537,246324.19,316726.61,331189.45,0.14
2020-02-18,7.39,7.44,7.38,7.36,236052.84,-0.02,-0.27,7.35,7.35,7.57,256149.18,333085.73,333114.87,0.16
2020-02-17,7.29,7.41,7.4,7.27,363184.53,0.1,1.37,7.342,7.351,7.603,286325.06,363089.91,337039.17,0.24
2020-02-14,7.31,7.33,7.3,7.27,243937.88,-0.02,-0.27,7.32,7.333,7.638,311629.35,393549.97,333447.73,0.16
2020-02-13,7.35,7.35,7.32,7.31,176023.19,-0.03,-0.41,7.334,7.373,7.679,327102.25,404191.21,341797.99,0.12
2020-02-12,7.32,7.36,7.35,7.3,261547.47,0.01,0.14,7.344,7.425,7.715,387129.04,412844.72,343001.74,0.18
2020-02-11,7.29,7.36,7.34,7.26,386932.25,0.05,0.69,7.35,7.481,7.753,410022.28,422103.48,340039.42,0.26
2020-02-10,7.3,7.31,7.29,7.22,489705.94,-0.08,-1.08,7.36,7.547,7.79,439854.75,408294.5,335767.91,0.33
2020-02-07,7.34,7.37,7.37,7.28,321302.38,0.0,0.0,7.346,7.611,7.833,475470.6,379559.62,322530.5,0.22
2020-02-06,7.4,7.4,7.37,7.3,476157.16,-0.01,-0.14,7.412,7.666,7.873,481280.16,371952.64,320837.25,0.32
2020-02-05,7.42,7.42,7.38,7.32,376013.69,-0.01,-0.14,7.506,7.724,7.915,438560.4,345652.28,308373.11,0.25
2020-02-04,7.23,7.8,7.39,7.22,536094.56,0.17,2.35,7.612,7.79,7.957,434184.67,333144.0,299824.59,0.36
2020-02-03,7.05,7.36,7.22,7.05,667785.19,-0.48,-6.23,7.734,7.854,7.993,376734.24,310988.43,281045.24,0.45
2020-01-23,7.83,7.84,7.7,7.67,350350.22,-0.14,-1.79,7.876,7.942,8.038,283648.63,273345.5,253229.95,0.24
2020-01-22,7.89,7.89,7.84,7.81,262558.34,-0.07,-0.89,7.92,7.984,8.059,262625.11,279404.77,241965.98,0.18
2020-01-21,7.98,8.0,7.91,7.88,354135.06,-0.09,-1.12,7.942,8.004,8.072,252744.16,273158.75,236082.93,0.24
2020-01-20,7.92,8.02,8.0,7.9,248842.41,0.07,0.88,7.968,8.025,8.084,232103.33,257975.35,229072.65,0.17
2020-01-17,7.94,7.95,7.93,7.91,202357.14,0.01,0.13,7.974,8.032,8.095,245242.62,263241.32,229349.89,0.14
2020-01-16,7.94,7.99,7.92,7.91,245232.59,-0.03,-0.38,8.008,8.055,8.107,263042.36,265501.39,233201.27,0.16
2020-01-15,8.02,8.03,7.95,7.93,213153.62,-0.09,-1.12,8.048,8.08,8.116,296184.42,269721.86,242929.09,0.14
2020-01-14,7.95,8.06,8.04,7.95,250930.89,0.01,0.12,8.066,8.106,8.118,293573.34,271093.94,246187.0,0.17
2020-01-13,8.1,8.12,8.03,8.01,314538.88,-0.07,-0.86,8.082,8.124,8.114,283847.38,266505.17,241647.44,0.21
2020-01-10,8.13,8.14,8.1,8.07,291355.81,-0.02,-0.25,8.09,8.131,8.109,281240.01,251102.05,238561.69,0.2
2020-01-09,8.06,8.14,8.12,8.06,410942.91,0.08,0.99,8.102,8.134,8.095,267960.43,233114.4,231749.81,0.28
2020-01-08,8.09,8.1,8.04,8.01,200098.2,-0.08,-0.98,8.112,8.134,8.079,243259.3,204527.2,223496.71,0.13
2020-01-07,8.06,8.12,8.12,8.06,202301.09,0.05,0.62,8.146,8.139,8.067,248614.54,199007.11,223482.82,0.14
2020-01-06,8.13,8.17,8.07,8.05,301502.06,-0.09,-1.1,8.166,8.142,8.055,249162.96,200169.94,220840.64,0.2
2020-01-03,8.17,8.22,8.16,8.13,224957.88,-0.01,-0.12,8.172,8.157,8.046,220964.08,195458.47,211370.44,0.15
2020-01-02,8.22,8.25,8.17,8.17,287437.25,-0.04,-0.49,8.166,8.158,8.031,198268.36,200901.16,207329.36,0.19
2019-12-31,8.19,8.23,8.21,8.13,226874.44,-0.01,-0.12,8.156,8.151,8.017,165795.11,216136.32,202845.17,0.15
2019-12-30,8.09,8.26,8.22,8.07,205043.19,0.12,1.48,8.132,8.13,8.003,149399.68,221280.06,199417.55,0.14
2019-12-27,8.14,8.17,8.1,8.08,160507.62,-0.03,-0.37,8.118,8.103,7.987,151176.92,216789.71,197785.17,0.11
2019-12-26,8.12,8.15,8.13,8.08,111479.32,0.01,0.12,8.142,8.086,7.979,169952.85,226021.33,203544.9,0.07
2019-12-25,8.09,8.13,8.12,8.04,125070.96,0.03,0.37,8.15,8.056,7.967,203533.95,230385.23,205844.05,0.08
2019-12-24,8.11,8.14,8.09,8.04,144897.31,-0.06,-0.74,8.146,8.024,7.954,266477.54,242466.23,211207.8,0.1
2019-12-23,8.2,8.21,8.15,8.09,213929.38,-0.07,-0.85,8.128,7.994,7.947,293160.44,247958.52,227998.01,0.14
2019-12-20,8.17,8.22,8.22,8.14,254387.3,0.05,0.61,8.088,7.968,7.935,282402.5,241511.34,229283.73,0.17
2019-12-19,8.1,8.21,8.17,8.09,279384.78,0.07,0.86,8.03,7.934,7.917,282089.8,227282.41,230599.69,0.19
2019-12-18,8.0,8.11,8.1,8.0,439788.94,0.1,1.25,7.962,7.903,7.9,257236.52,213757.56,224811.34,0.3
2019-12-17,7.94,8.04,8.0,7.92,278311.78,0.05,0.63,7.902,7.883,7.884,218454.91,189554.02,215725.77,0.19
2019-12-16,7.94,7.95,7.95,7.89,160139.69,0.02,0.25,7.86,7.875,7.871,202756.61,177555.04,209732.13,0.11
2019-12-13,7.85,7.94,7.93,7.82,252823.81,0.1,1.28,7.848,7.871,7.86,200620.18,178780.64,213710.01,0.17
2019-12-12,7.79,7.87,7.83,7.75,155118.36,0.03,0.39,7.838,7.871,7.845,172475.02,181068.48,206737.74,0.1
2019-12-11,7.79,7.82,7.8,7.73,245880.91,0.01,0.13,7.844,7.878,7.838,170278.61,181302.86,208046.66,0.17
2019-12-10,7.85,7.88,7.79,7.76,199820.27,-0.1,-1.27,7.864,7.883,7.83,160653.12,179949.38,201762.57,0.13
2019-12-09,7.87,7.91,7.89,7.85,149457.56,0.01,0.13,7.89,7.899,7.824,152353.48,208037.5,198125.83,0.1
2019-12-06,7.88,7.9,7.88,7.83,112098.01,0.02,0.25,7.894,7.902,7.812,156941.09,217056.13,202175.06,0.08
2019-12-05,7.91,7.94,7.86,7.85,144136.31,-0.04,-0.51,7.904,7.899,7.806,189661.93,233916.98,206301.37,0.1
2019-12-04,7.91,7.98,7.9,7.87,197753.47,-0.02,-0.25,7.912,7.896,7.802,192327.11,235865.11,205833.76,0.13
2019-12-03,7.9,7.92,7.92,7.86,158322.05,0.01,0.13,7.902,7.884,7.798,199245.64,241897.52,202603.03,0.11
2019-12-02,7.9,7.94,7.91,7.86,172395.62,-0.02,-0.25,7.908,7.867,7.793,263721.52,241909.21,206841.5,0.12
2019-11-29,7.89,7.95,7.93,7.83,275702.22,0.03,0.38,7.91,7.848,7.789,277171.16,248639.38,218815.0,0.19
2019-11-28,7.85,7.9,7.9,7.83,157462.2,0.05,0.64,7.894,7.818,7.779,278172.02,232407.01,221419.59,0.11
2019-11-27,7.9,7.92,7.85,7.82,232346.11,-0.1,-1.26,7.88,7.798,7.766,279403.11,234790.46,223961.39,0.16
2019-11-26,7.94,7.96,7.95,7.84,480701.47,0.03,0.38,7.866,7.777,7.753,284549.39,223575.76,224063.76,0.32
2019-11-25,7.85,7.93,7.92,7.83,239643.8,0.07,0.89,7.826,7.748,7.736,220096.89,188214.15,212226.91,0.16
2019-11-22,7.84,7.86,7.85,7.82,280706.5,0.02,0.26,7.786,7.722,7.722,220107.61,187293.99,211345.75,0.19
2019-11-21,7.79,7.83,7.83,7.75,163617.66,0.05,0.64,7.742,7.712,7.711,186642.0,178685.77,207046.42,0.11
2019-11-20,7.75,7.83,7.78,7.73,258077.52,0.03,0.39,7.716,7.707,7.702,190177.81,175802.41,205760.14,0.17
2019-11-19,7.7,7.76,7.75,7.68,158438.98,0.03,0.39,7.688,7.712,7.698,162602.13,163308.54,202498.83,0.11
2019-11-18,7.64,7.72,7.72,7.58,239697.38,0.09,1.18,7.67,7.718,7.692,156331.42,171773.79,202738.5,0.16
2019-11-15,7.67,7.71,7.63,7.63,113378.46,-0.07,-0.91,7.658,7.73,7.685,154480.38,188990.61,200534.01,0.08
2019-11-14,7.63,7.72,7.7,7.63,181296.69,0.06,0.79,7.682,7.74,7.689,170729.53,210432.17,205006.13,0.12
2019-11-13,7.67,7.67,7.64,7.62,120199.12,-0.02,-0.26,7.698,7.733,7.689,161427.01,213132.32,202524.45,0.08
2019-11-12,7.69,7.69,7.66,7.63,127085.43,0.0,0.0,7.736,7.729,7.693,164014.95,224551.75,206114.75,0.09
2019-11-11,7.74,7.78,7.66,7.65,230442.2,-0.09,-1.16,7.766,7.724,7.693,187216.16,236239.67,209097.38,0.16
2019-11-08,7.81,7.84,7.75,7.73,194624.22,-0.03,-0.39,7.802,7.721,7.694,223500.84,235397.51,207386.95,0.13
2019-11-07,7.81,7.82,7.78,7.77,134784.09,-0.05,-0.64,7.798,7.71,7.688,250134.8,235407.08,205179.59,0.09
2019-11-06,7.81,7.85,7.83,7.78,133138.8,0.02,0.26,7.768,7.697,7.679,264837.63,235717.88,204892.05,0.09
2019-11-05,7.86,7.87,7.81,7.79,243091.48,-0.03,-0.38,7.722,7.683,7.668,285088.56,241689.12,204762.0,0.16
2019-11-04,7.71,7.88,7.84,7.7,411865.62,0.11,1.42,7.682,7.666,7.655,285263.19,233703.22,201574.79,0.28
2019-11-01,7.63,7.75,7.73,7.6,327794.03,0.1,1.31,7.64,7.64,7.642,247294.18,212077.41,187442.87,0.22
2019-10-31,7.62,7.63,7.63,7.59,208298.22,0.03,0.4,7.622,7.637,7.636,220679.36,199580.1,179773.66,0.14
2019-10-30,7.65,7.66,7.6,7.6,234393.44,-0.01,-0.13,7.626,7.644,7.638,206598.13,191916.58,177788.65,0.16
2019-10-29,7.64,7.65,7.61,7.61,243964.62,-0.02,-0.26,7.644,7.656,7.641,198289.68,187677.75,174580.67,0.16
2019-10-28,7.63,7.66,7.63,7.61,222020.59,-0.01,-0.13,7.65,7.662,7.643,182143.24,181955.08,170436.71,0.15
2019-10-25,7.65,7.67,7.64,7.61,194719.91,-0.01,-0.13,7.64,7.667,7.642,176860.64,179376.4,171723.95,0.13
2019-10-24,7.68,7.69,7.65,7.62,137892.08,-0.04,-0.52,7.652,7.666,7.644,178480.84,174952.1,173823.94,0.09
2019-10-23,7.62,7.7,7.69,7.61,192851.19,0.05,0.65,7.662,7.661,7.647,177235.02,174066.22,173833.11,0.13
2019-10-22,7.6,7.64,7.64,7.58,163232.45,0.06,0.79,7.668,7.652,7.645,177065.81,167834.89,178290.57,0.11
2019-10-21,7.68,7.7,7.58,7.57,195607.55,-0.12,-1.56,7.674,7.643,7.648,181766.92,169446.36,183837.59,0.13
2019-10-18,7.7,7.73,7.7,7.65,202820.95,0.0,0.0,7.694,7.644,7.658,181892.16,162808.33,185943.95,0.14
2019-10-17,7.72,7.72,7.7,7.67,131662.97,-0.02,-0.26,7.68,7.635,7.664,171423.35,159967.23,186078.93,0.09
2019-10-16,7.7,7.74,7.72,7.69,192005.14,0.05,0.65,7.66,7.631,7.668,170897.42,163660.72,189494.2,0.13
2019-10-15,7.69,7.7,7.67,7.64,186737.97,-0.01,-0.13,7.636,7.626,7.671,158603.96,161483.6,197525.6,0.13
2019-10-14,7.66,7.74,7.68,7.65,196233.77,0.05,0.66,7.612,7.624,7.682,157125.81,158918.33,200372.13,0.13
2019-10-11,7.62,7.64,7.63,7.58,150476.91,0.03,0.4,7.594,7.616,7.692,143724.5,164071.51,199116.04,0.1
2019-10-10,7.61,7.63,7.6,7.58,129033.31,0.0,0.0,7.59,7.622,7.704,148511.11,172695.77,209327.55,0.09
2019-10-09,7.55,7.61,7.6,7.52,130537.86,0.05,0.66,7.602,7.633,7.717,156424.03,173600.0,217542.95,0.09
2019-10-08,7.56,7.59,7.55,7.54,179347.19,-0.04,-0.53,7.616,7.638,7.727,164363.24,188746.25,218451.73,0.12
2019-09-30,7.57,7.63,7.59,7.57,129227.22,-0.02,-0.26,7.636,7.652,7.74,160710.86,198228.82,227761.24,0.09
2019-09-27,7.65,7.66,7.61,7.57,174409.95,-0.05,-0.65,7.638,7.671,7.748,184418.52,209079.58,233363.79,0.12
2019-09-26,7.67,7.7,7.66,7.64,168597.91,-0.01,-0.13,7.654,7.692,7.754,196880.44,212190.63,237045.41,0.11
2019-09-25,7.64,7.7,7.67,7.63,170233.94,0.02,0.26,7.664,7.704,7.757,190775.97,215327.67,236578.99,0.11
2019-09-24,7.61,7.67,7.65,7.58,161085.27,0.05,0.66,7.66,7.716,7.756,213129.26,233567.6,247534.05,0.11
2019-09-23,7.69,7.69,7.6,7.57,247765.55,-0.09,-1.17,7.668,7.739,7.758,235746.78,241825.92,250617.61,0.17
2019-09-20,7.71,7.77,7.69,7.69,236719.53,-0.02,-0.26,7.704,7.767,7.766,233740.63,234160.57,247983.9,0.16
2019-09-19,7.67,7.71,7.71,7.64,138075.55,0.06,0.78,7.73,7.785,7.769,227500.81,245959.33,249216.98,0.09
2019-09-18,7.68,7.72,7.65,7.62,282000.41,-0.04,-0.52,7.744,7.8,7.767,239879.37,261485.91,249071.53,0.19
2019-09-17,7.76,7.77,7.69,7.67,274172.88,-0.09,-1.16,7.772,7.815,7.769,254005.94,248157.21,242333.6,0.18
2019-09-16,7.82,7.83,7.78,7.75,237734.78,-0.04,-0.51,7.81,7.828,7.767,247905.06,257293.66,241293.86,0.16
2019-09-12,7.78,7.82,7.82,7.75,205520.44,0.04,0.51,7.83,7.824,7.754,234580.5,257647.99,238863.95,0.14
2019-09-11,7.8,7.82,7.78,7.75,199968.33,-0.01,-0.13,7.84,7.816,7.735,264417.84,261900.2,241665.23,0.13
2019-09-10,7.86,7.86,7.79,7.73,352633.28,-0.09,-1.14,7.856,7.81,7.722,283092.45,257830.31,243192.83,0.24
2019-09-09,7.92,7.94,7.88,7.85,243668.48,0.0,0.0,7.858,7.796,7.71,242308.48,261500.49,234805.41,0.16
2019-09-06,7.87,7.89,7.88,7.83,171111.98,0.01,0.13,7.846,7.776,7.699,266682.27,259409.29,231499.16,0.12
2019-09-05,7.89,7.92,7.87,7.84,354707.12,0.01,0.13,7.818,7.765,7.685,280715.49,261807.23,232950.36,0.24
2019-09-04,7.81,7.89,7.86,7.8,293341.41,0.06,0.77,7.792,7.753,7.671,259382.57,252474.63,226848.43,0.2
2019-09-03,7.83,7.88,7.8,7.8,148713.41,-0.02,-0.26,7.764,7.733,7.653,232568.17,236657.14,224119.66,0.1
2019-09-02,7.74,7.86,7.82,7.7,365537.41,0.08,1.03,7.734,7.722,7.637,280692.5,236510.0,237926.9,0.25
2019-08-30,7.79,7.81,7.74,7.67,241278.08,0.0,0.0,7.706,7.706,7.626,252136.31,225294.05,238262.2,0.16
2019-08-29,7.73,7.79,7.74,7.68,248042.52,0.02,0.26,7.712,7.683,7.631,242898.97,220079.9,237025.86,0.17
2019-08-28,7.7,7.75,7.72,7.67,159269.41,0.07,0.92,7.714,7.654,7.638,245566.69,221430.26,232607.08,0.11
2019-08-27,7.71,7.85,7.65,7.65,389335.06,-0.03,-0.39,7.702,7.634,7.647,240746.12,228555.35,233614.72,0.26
2019-08-26,7.69,7.77,7.68,7.65,222756.48,-0.09,-1.16,7.71,7.623,7.661,192327.49,208110.32,223413.28,0.15
2019-08-23,7.76,7.82,7.77,7.73,195091.36,0.02,0.26,7.706,7.621,7.671,198451.79,203589.03,221022.82,0.13
2019-08-22,7.68,7.77,7.75,7.66,261381.12,0.09,1.18,7.654,7.604,7.675,197260.83,204093.5,220438.2,0.18
2019-08-21,7.67,7.71,7.66,7.66,135166.56,-0.03,-0.39,7.594,7.589,7.681,197293.84,201222.24,217164.95,0.09
2019-08-20,7.66,7.71,7.69,7.63,147241.95,0.03,0.39,7.566,7.572,7.692,216364.59,211582.18,225137.61,0.1
2019-08-19,7.52,7.67,7.66,7.52,253377.94,0.15,2.0,7.536,7.551,7.699,223893.15,239343.8,227103.1,0.17
2019-08-16,7.45,7.52,7.51,7.41,189136.59,0.06,0.81,7.536,7.546,7.705,208726.28,251230.35,225965.77,0.13
2019-08-15,7.42,7.48,7.45,7.39,261546.14,-0.07,-0.93,7.554,7.578,7.719,210926.17,253971.81,225772.14,0.18
2019-08-14,7.61,7.64,7.52,7.48,230520.31,-0.02,-0.27,7.584,7.622,7.736,205150.64,243783.9,224671.93,0.16
2019-08-13,7.61,7.65,7.54,7.54,184884.77,-0.12,-1.57,7.578,7.66,7.754,206799.78,238674.08,222029.01,0.12
2019-08-12,7.53,7.67,7.66,7.53,177543.59,0.06,0.79,7.566,7.698,7.769,254794.45,238716.24,224969.9,0.12
2019-08-09,7.62,7.67,7.6,7.6,200136.02,0.0,0.0,7.556,7.721,7.78,293734.42,238456.6,227632.88,0.13
2019-08-08,7.5,7.62,7.6,7.49,232668.52,0.11,1.47,7.602,7.746,7.792,297017.46,236782.9,228543.88,0.16
2019-08-07,7.49,7.52,7.49,7.41,238765.98,0.01,0.13,7.66,7.773,7.806,282417.17,233107.65,228000.85,0.16
2019-08-06,7.54,7.54,7.48,7.38,424858.16,-0.13,-1.71,7.742,7.812,7.825,270548.39,238693.04,226849.03,0.29
2019-08-05,7.8,7.82,7.61,7.6,372243.44,-0.22,-2.81,7.83,7.846,7.848,222638.02,214862.4,219927.42,0.25
2019-08-02,7.85,7.85,7.83,7.76,216551.2,-0.06,-0.76,7.886,7.863,7.867,183178.78,200701.19,227375.84,0.15
2019-08-01,7.9,7.93,7.89,7.86,159667.05,-0.01,-0.13,7.89,7.859,7.881,176548.34,197572.46,233182.71,0.11
2019-07-31,7.91,7.94,7.9,7.9,179422.08,-0.02,-0.25,7.886,7.849,7.891,183798.14,205559.96,244917.7,0.12
2019-07-30,7.9,7.95,7.92,7.89,185306.34,0.03,0.38,7.882,7.847,7.906,206837.68,205383.95,253866.89,0.12
2019-07-29,7.84,7.9,7.89,7.84,174947.23,0.04,0.51,7.862,7.839,7.924,207086.78,211223.57,264796.92,0.12
2019-07-26,7.86,7.88,7.85,7.83,183398.98,-0.02,-0.25,7.84,7.838,7.939,218223.6,216809.15,275667.15,0.12
2019-07-25,7.89,7.9,7.87,7.83,195916.06,-0.01,-0.13,7.828,7.838,7.951,218596.59,220304.86,285239.61,0.13
2019-07-24,7.82,7.91,7.88,7.81,294619.81,0.06,0.77,7.812,7.838,7.965,227321.78,222894.04,308046.28,0.2
2019-07-23,7.76,7.83,7.82,7.75,186551.83,0.04,0.51,7.812,7.837,8.009,203930.21,215005.02,323511.71,0.13
2019-07-22,7.8,7.82,7.78,7.72,230631.33,-0.01,-0.13,7.816,7.849,8.056,215360.36,224992.43,333106.69,0.16
2019-07-19,7.79,7.85,7.79,7.78,185263.91,0.0,0.0,7.836,7.87,8.107,215394.7,254050.48,341493.82,0.12
2019-07-18,7.85,7.86,7.79,7.77,239542.0,-0.09,-1.14,7.848,7.902,8.156,222013.13,268792.96,354813.18,0.16
2019-07-17,7.84,7.88,7.88,7.81,177661.97,0.04,0.51,7.864,7.933,8.204,218466.3,284275.44,370840.09,0.12
2019-07-16,7.88,7.88,7.84,7.82,243702.58,-0.04,-0.51,7.862,7.965,8.241,226079.84,302349.83,395746.08,0.16
2019-07-15,7.85,7.89,7.88,7.77,230803.05,0.03,0.38,7.882,8.008,8.272,234624.51,318370.28,394510.21,0.16
2019-07-12,7.89,7.9,7.85,7.83,218356.06,-0.02,-0.25,7.904,8.04,8.298,292706.26,334525.14,403332.35,0.15
2019-07-11,7.91,7.92,7.87,7.87,221807.84,0.0,0.0,7.956,8.064,8.329,315572.78,350174.36,422860.53,0.15
2019-07-10,7.95,7.96,7.87,7.86,215729.67,-0.07,-0.88,8.002,8.092,8.356,350084.58,393198.52,427026.92,0.15
2019-07-09,7.97,8.0,7.94,7.92,286425.91,-0.05,-0.63,8.068,8.181,8.386,378619.82,432018.4,432171.58,0.19
2019-07-08,8.06,8.08,7.99,7.94,521211.81,-0.12,-1.48,8.134,8.262,8.414,402116.05,441220.95,440094.13,0.35
2019-07-05,8.14,8.16,8.11,8.04,332688.69,0.01,0.12,8.176,8.344,8.438,376344.03,428937.16,432499.0,0.22
2019-07-04,8.2,8.21,8.1,8.07,394366.81,-0.1,-1.22,8.172,8.409,8.451,384775.93,440833.41,430046.22,0.27
2019-07-03,8.27,8.28,8.2,8.17,358405.88,-0.07,-0.85,8.182,8.475,8.468,436312.46,457404.75,426997.93,0.24
2019-07-02,8.2,8.28,8.27,8.16,403907.06,0.07,0.85,8.294,8.517,8.479,485416.97,489142.32,422230.42,0.27
2019-07-01,8.15,8.22,8.2,8.15,392351.69,0.11,1.36,8.39,8.536,8.488,480325.85,470650.14,426016.88,0.26
2019-06-28,8.15,8.16,8.09,8.02,374848.22,-0.06,-0.74,8.512,8.555,8.496,481530.3,472139.55,423926.97,0.25
2019-06-27,8.28,8.34,8.15,8.13,652049.44,-0.13,-1.57,8.646,8.594,8.514,496890.88,495546.71,419340.73,0.44
2019-06-26,8.74,8.82,8.76,8.71,603928.44,0.01,0.11,8.768,8.619,8.524,478497.03,460855.31,396917.58,0.41
2019-06-25,8.79,8.82,8.75,8.68,378451.44,-0.06,-0.68,8.74,8.59,8.508,492867.67,432324.76,399118.3,0.25
2019-06-24,8.76,8.85,8.81,8.72,398373.94,0.05,0.57,8.682,8.566,8.482,460974.44,438967.32,389785.42,0.27
2019-06-21,8.75,8.78,8.76,8.69,451651.16,0.0,0.0,8.598,8.531,8.452,462748.81,436060.84,378528.3,0.3
2019-06-20,8.62,8.78,8.76,8.61,560080.19,0.14,1.62,8.542,8.493,8.423,494202.53,419259.03,364009.36,0.38
2019-06-19,8.5,8.65,8.62,8.49,675781.62,0.16,1.89,8.47,8.461,8.395,443213.59,396591.12,347761.59,0.45
2019-06-18,8.4,8.47,8.46,8.38,218985.27,0.07,0.83,8.44,8.441,8.374,371781.84,355318.52,327642.96,0.15
2019-06-17,8.47,8.47,8.39,8.38,407245.81,-0.09,-1.06,8.45,8.439,8.36,416960.21,381383.62,331441.45,0.27
2019-06-14,8.43,8.52,8.48,8.36,608919.75,0.08,0.95,8.464,8.436,8.35,409372.87,375714.39,325411.9,0.41
2019-06-13,8.46,8.47,8.4,8.37,305135.5,-0.07,-0.83,8.444,8.433,8.34,344315.54,343134.75,307759.95,0.21
2019-06-12,8.49,8.5,8.47,8.44,318622.88,-0.04,-0.47,8.452,8.429,8.329,349968.65,332979.84,304611.06,0.21
2019-06-11,8.45,8.53,8.51,8.43,444877.09,0.05,0.59,8.442,8.425,8.314,338855.19,365911.85,308290.17,0.3
2019-06-10,8.42,8.48,8.46,8.37,369309.12,0.08,0.95,8.428,8.398,8.296,345807.03,340603.52,298363.42,0.25
2019-06-06,8.42,8.46,8.38,8.36,283633.09,-0.06,-0.71,8.408,8.373,8.284,342055.9,320995.76,296906.98,0.19
2019-06-05,8.44,8.47,8.44,8.39,333401.09,0.02,0.24,8.422,8.352,8.27,341953.97,308759.69,303032.94,0.22
2019-06-04,8.41,8.45,8.42,8.36,263055.56,-0.02,-0.24,8.406,8.329,8.256,315991.03,298932.06,305463.71,0.18
2019-06-03,8.41,8.47,8.44,8.31,479636.28,0.08,0.96,8.408,8.306,8.247,392968.51,299967.41,311870.27,0.32
2019-05-31,8.41,8.52,8.36,8.35,350553.5,-0.09,-1.06,8.368,8.28,8.239,335400.02,281499.29,321819.95,0.24
2019-05-30,8.36,8.45,8.45,8.35,283123.41,0.09,1.08,8.338,8.264,8.247,299935.62,275109.41,323405.46,0.19
2019-05-29,8.37,8.42,8.36,8.34,203586.41,-0.07,-0.83,8.282,8.246,8.243,275565.41,272385.15,332413.09,0.14
2019-05-28,8.25,8.43,8.43,8.23,647942.94,0.19,2.31,8.252,8.229,8.238,281873.1,276242.27,345640.06,0.44
2019-05-27,8.22,8.25,8.24,8.17,191793.83,0.03,0.36,8.204,8.203,8.235,206966.31,250668.5,340562.25,0.13
2019-05-24,8.17,8.22,8.21,8.16,173231.52,0.04,0.49,8.192,8.194,8.242,227598.55,256123.32,344843.14,0.12
2019-05-23,8.22,8.22,8.17,8.16,161272.33,-0.04,-0.49,8.19,8.194,8.249,250283.21,272818.2,353984.93,0.11
2019-05-22,8.21,8.27,8.21,8.19,235124.86,0.02,0.24,8.21,8.187,8.264,269204.89,297306.19,369458.64,0.16
2019-05-21,8.18,8.24,8.19,8.16,273409.03,0.01,0.12,8.206,8.182,8.277,270611.45,311995.36,371744.17,0.18
2019-05-20,8.2,8.26,8.18,8.13,294955.03,-0.02,-0.24,8.202,8.188,8.291,294370.69,323773.12,369958.45,0.2
2019-05-17,8.27,8.29,8.2,8.2,286654.78,-0.07,-0.85,8.196,8.197,8.307,284648.08,362140.61,374978.88,0.19
2019-05-16,8.19,8.29,8.27,8.17,255880.73,0.08,0.98,8.198,8.229,8.325,295353.19,371701.51,388222.65,0.17
2019-05-15,8.2,8.23,8.19,8.17,242157.67,0.02,0.24,8.164,8.24,8.334,325407.49,392441.04,399649.8,0.16
2019-05-14,8.12,8.23,8.17,8.1,392205.22,0.02,0.24,8.158,8.246,8.345,353379.26,415037.84,407307.17,0.26
2019-05-13,8.16,8.23,8.15,8.13,246341.98,-0.06,-0.73,8.174,8.267,8.355,353175.55,430456.0,410160.61,0.17
2019-05-10,8.14,8.24,8.21,8.08,340180.34,0.11,1.36,8.198,8.289,8.373,439633.14,433562.96,422659.7,0.23
2019-05-09,8.15,8.21,8.1,8.1,406152.25,-0.06,-0.73,8.26,8.304,8.386,448049.84,435151.66,433541.24,0.27
2019-05-08,8.2,8.24,8.16,8.12,382016.53,-0.09,-1.09,8.316,8.34,8.41,459474.59,441611.1,449058.17,0.26
2019-05-07,8.23,8.33,8.25,8.19,391186.66,-0.02,-0.24,8.334,8.372,8.429,476696.42,431492.99,464986.57,0.26
2019-05-06,8.4,8.4,8.27,8.12,678629.94,-0.25,-2.93,8.36,8.394,8.442,507736.44,416143.79,474968.96,0.46
2019-04-30,8.37,8.53,8.52,8.35,382263.81,0.14,1.67,8.38,8.417,8.452,427492.77,387817.16,460464.59,0.26
2019-04-29,8.25,8.41,8.38,8.22,463276.0,0.13,1.58,8.348,8.42,8.45,422253.48,404743.79,475761.85,0.31
2019-04-26,8.36,8.38,8.25,8.24,468125.69,-0.13,-1.55,8.364,8.427,8.448,423747.61,406858.56,479442.37,0.31
2019-04-25,8.41,8.45,8.38,8.38,546386.75,0.01,0.12,8.41,8.444,8.444,386289.56,399576.5,470706.1,0.37
2019-04-24,8.37,8.39,8.37,8.32,277411.59,0.01,0.12,8.428,8.443,8.437,324551.14,389865.22,457380.08,0.19
2019-04-23,8.46,8.47,8.36,8.35,356067.38,-0.1,-1.18,8.454,8.456,8.431,348141.55,411756.45,463491.07,0.24
2019-04-22,8.51,8.54,8.46,8.43,470746.62,-0.02,-0.24,8.492,8.467,8.431,387234.1,431930.82,469152.49,0.32
2019-04-19,8.49,8.54,8.48,8.42,280835.47,0.01,0.12,8.49,8.48,8.433,389969.51,456505.25,464503.43,0.19
2019-04-18,8.5,8.52,8.47,8.46,237694.62,-0.03,-0.35,8.478,8.485,8.434,412863.43,498480.16,469878.5,0.16
2019-04-17,8.53,8.55,8.5,8.48,395363.66,-0.05,-0.58,8.458,8.49,8.437,455179.31,533794.13,476328.53,0.27
2019-04-16,8.44,8.55,8.55,8.36,551530.12,0.1,1.18,8.458,8.486,8.441,475371.34,533112.02,481349.56,0.37
2019-04-15,8.46,8.55,8.45,8.45,484423.66,0.03,0.36,8.442,8.479,8.443,476627.54,546779.91,493065.37,0.33
2019-04-12,8.38,8.44,8.42,8.34,395305.09,0.05,0.6,8.47,8.468,8.442,523041.0,552026.18,489719.09,0.27
2019-04-11,8.5,8.52,8.37,8.36,449274.03,-0.13,-1.53,8.492,8.443,8.442,584096.88,541835.7,489522.13,0.3
2019-04-10,8.45,8.54,8.5,8.44,496323.81,0.03,0.35,8.522,8.431,8.446,612408.95,524894.93,491357.98,0.33
2019-04-09,8.55,8.57,8.47,8.44,557811.12,-0.12,-1.4,8.514,8.405,8.446,590852.69,515225.7,493967.25,0.38
2019-04-08,8.55,8.6,8.59,8.51,716490.94,0.06,0.7,8.516,8.394,8.447,616932.28,506374.15,491370.14,0.48
2019-04-04,8.54,8.58,8.53,8.48,700584.5,0.01,0.12,8.466,8.386,8.44,581011.36,472501.6,489740.37,0.47
2019-04-03,8.43,8.53,8.52,8.41,590834.38,0.06,0.71,8.394,8.383,8.453,499574.52,441276.85,491588.37,0.4
2019-04-02,8.49,8.51,8.46,8.42,388542.53,-0.02,-0.24,8.34,8.384,8.472,437380.9,418862.93,491355.58,0.26
2019-04-01,8.37,8.51,8.48,8.35,688209.06,0.14,1.68,8.296,8.395,8.491,439598.7,429587.11,496095.39,0.46
2019-03-29,8.2,8.35,8.34,8.19,536886.31,0.17,2.08,8.272,8.406,8.51,395816.02,439350.83,499564.01,0.36
2019-03-28,8.24,8.24,8.17,8.16,293400.34,-0.08,-0.97,8.306,8.416,8.537,363991.85,427412.0,489553.67,0.2
2019-03-27,8.27,8.28,8.25,8.22,279866.28,0.01,0.12,8.372,8.44,8.575,382979.18,437208.57,496602.45,0.19
2019-03-26,8.35,8.38,8.24,8.21,399631.5,-0.12,-1.44,8.428,8.461,8.605,400344.95,457821.03,502120.55,0.27
2019-03-25,8.45,8.48,8.36,8.35,469295.66,-0.15,-1.76,8.494,8.487,8.636,419575.52,472708.8,514403.25,0.32
2019-03-22,8.51,8.53,8.51,8.47,377765.47,0.01,0.12,8.54,8.5,8.666,482885.65,476366.12,519791.98,0.25
2019-03-21,8.52,8.55,8.5,8.46,388337.0,-0.03,-0.35,8.526,8.494,8.676,490832.15,506979.13,516580.07,0.26
2019-03-20,8.54,8.58,8.53,8.45,366695.12,-0.04,-0.47,8.508,8.523,8.684,491437.95,541899.9,510896.67,0.25
2019-03-19,8.57,8.61,8.57,8.5,495784.34,-0.02,-0.23,8.494,8.56,8.695,515297.12,563848.23,502910.26,0.33
2019-03-18,8.46,8.6,8.59,8.4,785846.31,0.15,1.78,8.48,8.586,8.703,525842.07,562603.67,503182.9,0.53
2019-03-15,8.4,8.49,8.44,8.4,417497.97,0.03,0.36,8.46,8.614,8.702,469846.6,559777.19,481924.95,0.28
2019-03-14,8.45,8.5,8.41,8.38,391366.0,-0.05,-0.59,8.462,8.658,8.703,523126.12,551695.35,480089.9,0.26
2019-03-13,8.51,8.52,8.46,8.42,485990.97,-0.04,-0.47,8.538,8.71,8.714,592361.84,555996.33,471889.72,0.33
2019-03-12,8.52,8.58,8.5,8.46,548509.12,0.01,0.12,8.626,8.749,8.726,612399.35,546420.08,464249.81,0.37
2019-03-11,8.45,8.53,8.49,8.41,505868.94,0.04,0.47,8.692,8.784,8.731,599365.26,556097.71,450701.46,0.34
2019-03-08,8.74,8.74,8.45,8.45,683895.56,-0.34,-3.87,8.768,8.831,8.738,649707.77,563217.84,442034.34,0.46
2019-03-07,8.88,8.9,8.79,8.76,737544.62,-0.11,-1.24,8.854,8.857,8.751,580264.57,526181.01,419988.97,0.5
2019-03-06,8.81,8.9,8.9,8.79,586178.5,0.07,0.79,8.882,8.845,8.739,519630.83,479893.45,392052.95,0.39
2019-03-05,8.87,8.87,8.83,8.77,483338.69,-0.04,-0.45,8.872,8.829,8.721,480440.8,441972.29,376568.69,0.33
2019-03-04,8.91,9.03,8.87,8.85,757581.5,-0.01,-0.11,8.876,8.82,8.716,512830.15,443762.13,368862.28,0.51
2019-03-01,8.93,8.97,8.88,8.81,336679.56,-0.05,-0.56,8.894,8.789,8.696,476727.91,404072.71,340733.98,0.23
2019-02-28,8.87,8.95,8.93,8.79,434375.88,0.08,0.9,8.86,8.747,8.676,472097.45,408484.45,339220.48,0.29
2019-02-27,8.85,8.97,8.85,8.79,390228.38,0.0,0.0,8.808,8.717,8.652,440156.07,387783.11,330271.86,0.26
2019-02-26,8.96,9.03,8.85,8.81,645285.44,-0.11,-1.23,8.786,8.702,8.63,403503.77,382079.55,323523.22,0.43
2019-02-25,8.69,8.96,8.96,8.69,577070.31,0.25,2.87,8.764,8.677,8.6,374694.11,345305.22,299867.1,0.39
2019-02-22,8.69,8.72,8.71,8.62,313527.22,0.04,0.46,8.684,8.645,8.57,331417.5,320850.84,281617.07,0.21
2019-02-21,8.72,8.74,8.67,8.65,274669.0,-0.07,-0.8,8.634,8.644,8.553,344871.44,313796.92,278793.57,0.18
2019-02-20,8.73,8.8,8.74,8.67,206966.88,0.0,0.0,8.626,8.632,8.535,335410.15,304212.45,280705.87,0.14
2019-02-19,8.55,8.75,8.74,8.55,501237.12,0.18,2.1,8.618,8.612,8.508,360655.33,311165.09,279662.97,0.34
2019-02-18,8.5,8.57,8.56,8.48,360687.28,0.1,1.18,8.59,8.611,8.477,315916.33,293962.44,261241.17,0.24
2019-02-15,8.64,8.64,8.46,8.41,380796.94,-0.17,-1.97,8.606,8.603,8.453,310284.18,277395.25,252293.25,0.26
2019-02-14,8.71,8.71,8.63,8.61,227362.52,-0.07,-0.81,8.654,8.605,8.438,282722.4,269956.52,245895.78,0.15
2019-02-13,8.64,8.72,8.7,8.6,333192.81,0.1,1.16,8.638,8.587,8.408,273014.75,272760.6,252884.18,0.22
2019-02-12,8.6,8.68,8.6,8.58,277542.09,-0.04,-0.46,8.606,8.557,8.382,261674.84,264966.89,249052.46,0.19
2019-02-11,8.67,8.68,8.64,8.51,332526.56,-0.06,-0.69,8.632,8.523,8.361,272008.54,254428.99,245920.03,0.22
2019-02-01,8.58,8.71,8.7,8.5,242988.02,0.15,1.75,8.6,8.495,8.341,244506.31,242383.3,247977.13,0.16
2019-01-31,8.58,8.62,8.55,8.49,178824.27,0.01,0.12,8.556,8.462,8.313,257190.65,243790.23,246704.28,0.12
2019-01-30,8.68,8.73,8.54,8.49,276493.25,-0.19,-2.18,8.536,8.438,8.29,272506.46,257199.29,247449.97,0.19
2019-01-29,8.57,8.76,8.73,8.48,329210.62,0.25,2.95,8.508,8.404,8.272,268258.94,248160.85,245006.98,0.22
2019-01-28,8.51,8.61,8.48,8.46,195015.38,0.0,0.0,8.414,8.343,8.247,236849.43,228519.91,248268.15,0.13
2019-01-25,8.45,8.55,8.48,8.45,306409.72,0.03,0.35,8.39,8.303,8.231,240260.3,227191.25,248958.49,0.21
2019-01-24,8.41,8.47,8.45,8.35,255403.31,0.05,0.59,8.368,8.271,8.213,230389.81,221835.03,245240.58,0.17
2019-01-23,8.3,8.41,8.4,8.28,255255.66,0.14,1.7,8.34,8.228,8.195,241892.12,233007.75,245501.89,0.17
2019-01-22,8.36,8.37,8.26,8.24,172163.06,-0.1,-1.2,8.3,8.207,8.177,228062.76,233138.04,241710.24,0.12
2019-01-21,8.38,8.43,8.36,8.33,212069.73,-0.01,-0.12,8.272,8.199,8.163,220190.4,237411.07,245278.78,0.14
2019-01-18,8.33,8.4,8.37,8.28,257057.27,0.06,0.72,8.216,8.187,8.144,214122.2,253570.95,246402.9,0.17
2019-01-17,8.18,8.34,8.31,8.17,312914.88,0.11,1.34,8.174,8.163,8.13,213280.26,249618.33,249832.03,0.21
2019-01-16,8.11,8.22,8.2,8.09,186108.88,0.08,0.98,8.116,8.141,8.117,224123.38,237700.65,250259.56,0.13
2019-01-15,8.11,8.14,8.12,8.07,132801.23,0.04,0.49,8.114,8.14,8.106,238213.31,241853.12,254461.86,0.09
2019-01-14,8.14,8.18,8.08,8.06,181728.75,-0.08,-0.98,8.126,8.151,8.098,254631.75,268016.39,256620.98,0.12
2019-01-11,8.02,8.16,8.16,8.0,252847.55,0.14,1.75,8.158,8.159,8.093,293019.7,270725.73,260976.65,0.17
2019-01-10,8.22,8.23,8.02,8.01,367130.5,-0.17,-2.08,8.152,8.155,8.084,285956.39,268646.12,254041.54,0.25
2019-01-09,8.2,8.29,8.19,8.19,256558.53,0.01,0.12,8.166,8.162,8.082,251277.91,257996.02,242896.7,0.17
2019-01-08,8.24,8.3,8.18,8.16,214893.41,-0.06,-0.73,8.166,8.147,8.071,245492.92,250282.44,244388.22,0.14
2019-01-07,8.18,8.3,8.24,8.12,373668.5,0.11,1.35,8.176,8.127,8.058,281401.04,253146.5,243903.96,0.25
2019-01-04,8.05,8.14,8.13,8.02,217531.02,0.04,0.49,8.16,8.1,8.038,248431.76,239234.85,237624.0,0.15
2019-01-03,8.15,8.19,8.09,8.01,193738.08,-0.1,-1.22,8.158,8.096,8.028,251335.85,250045.73,236908.15,0.13
2019-01-02,8.2,8.24,8.19,8.12,227633.61,-0.04,-0.49,8.158,8.092,8.019,264714.14,262818.48,241876.01,0.15
2018-12-28,8.13,8.25,8.23,8.08,394433.97,0.07,0.86,8.128,8.071,8.003,255071.95,267070.61,250808.01,0.27
2018-12-27,8.16,8.19,8.16,8.08,208822.12,0.04,0.49,8.078,8.044,7.977,224891.95,245225.58,245877.95,0.14
2018-12-26,8.09,8.16,8.12,8.07,232051.45,0.03,0.37,8.04,8.027,7.951,230037.94,251227.58,245734.82,0.16
2018-12-25,8.03,8.11,8.09,7.96,260629.53,0.05,0.62,8.034,8.013,7.93,248755.61,239436.96,244047.93,0.18
2018-12-24,8.0,8.08,8.04,7.99,179422.7,0.06,0.75,8.026,8.001,7.906,260922.83,227797.38,239967.02,0.12
2018-12-21,7.98,8.0,7.98,7.91,243533.97,0.01,0.12,8.014,7.995,7.887,279069.26,238494.0,242788.26,0.16
2018-12-20,8.09,8.13,7.97,7.92,234552.06,-0.12,-1.48,8.01,7.989,7.876,265559.2,234661.43,244583.64,0.16
2018-12-19,8.04,8.14,8.09,8.01,325639.81,0.04,0.5,8.014,7.975,7.872,272417.21,236013.15,238919.53,0.22
2018-12-18,7.97,8.05,8.05,7.95,321465.62,0.07,0.88,7.992,7.96,7.864,230118.3,223770.56,231756.08,0.22
2018-12-17,7.95,8.02,7.98,7.93,270154.84,0.02,0.25,7.976,7.945,7.858,194671.93,220933.54,224568.41,0.18
2018-12-14,7.98,8.0,7.96,7.94,175983.66,-0.03,-0.38,7.976,7.934,7.862,197918.74,234545.42,221025.91,0.12
2018-12-13,7.99,8.02,7.99,7.93,268842.12,0.01,0.12,7.968,7.909,7.864,203763.65,246530.33,226685.63,0.18
2018-12-12,8.02,8.02,7.98,7.95,114145.25,0.01,0.12,7.936,7.874,7.867,199609.1,240242.07,220355.21,0.08
2018-12-11,8.02,8.03,7.97,7.94,144233.77,-0.01,-0.12,7.928,7.846,7.87,217422.82,248658.9,223266.91,0.1
2018-12-10,7.89,7.99,7.98,7.88,286388.91,0.06,0.76,7.914,7.811,7.876,247195.16,252136.65,224574.08,0.19
2018-12-07,7.83,7.94,7.92,7.82,205208.22,0.09,1.15,7.892,7.779,7.882,271172.1,247082.51,224896.94,0.14
2018-12-06,7.9,7.92,7.83,7.8,248069.34,-0.11,-1.39,7.85,7.762,7.889,289297.01,254505.85,225256.49,0.17
2018-12-05,7.83,7.94,7.94,7.81,203213.88,0.04,0.51,7.812,7.768,7.902,280875.04,241825.92,223629.12,0.14
2018-12-04,7.85,7.92,7.9,7.82,293095.44,0.03,0.38,7.764,7.768,7.908,279894.98,239741.61,223611.48,0.2
2018-12-03,7.8,7.92,7.87,7.79,406273.62,0.16,2.08,7.708,7.771,7.919,257078.15,228203.28,216046.16,0.27
2018-11-30,7.64,7.72,7.71,7.62,295832.75,0.07,0.92,7.666,7.789,7.935,222992.92,207506.4,208874.84,0.2
2018-11-29,7.72,7.74,7.64,7.6,205959.52,-0.06,-0.78,7.674,7.818,7.959,219714.7,206840.93,212829.65,0.14
2018-11-28,7.63,7.72,7.7,7.6,198313.56,0.08,1.05,7.724,7.86,7.982,202776.79,200468.35,222389.59,0.13
2018-11-27,7.69,7.71,7.62,7.61,179011.3,-0.04,-0.52,7.772,7.893,8.0,199588.24,197874.93,237685.35,0.12
2018-11-26,7.74,7.76,7.66,7.64,235847.47,-0.09,-1.16,7.834,7.941,8.014,199328.41,197011.51,246418.9,0.16
2018-11-23,7.88,7.88,7.75,7.73,279441.66,-0.14,-1.77,7.912,7.985,8.03,192019.88,202711.36,245751.86,0.19
2018-11-22,7.93,7.94,7.89,7.88,121269.95,-0.05,-0.63,7.962,8.016,8.046,193967.16,196007.12,250027.02,0.08
2018-11-21,7.89,7.97,7.94,7.88,182370.8,0.01,0.13,7.996,8.036,8.047,198159.9,205432.33,257257.02,0.12
2018-11-20,8.02,8.03,7.93,7.92,177712.19,-0.12,-1.49,8.014,8.047,8.046,196161.61,207481.36,258833.04,0.12
2018-11-19,8.0,8.05,8.05,7.99,199304.8,0.05,0.62,8.048,8.067,8.044,194694.6,203889.04,269960.56,0.13
2018-11-16,8.08,8.09,8.0,7.99,289178.06,-0.06,-0.74,8.058,8.08,8.045,213402.84,210243.29,288497.47,0.19
2018-11-15,8.02,8.09,8.06,8.02,142233.66,0.03,0.37,8.07,8.1,8.035,198047.08,218818.37,296179.24,0.1
2018-11-14,8.08,8.11,8.03,8.02,172379.36,-0.07,-0.86,8.076,8.103,8.012,212704.75,244310.83,307016.3,0.12
2018-11-13,8.04,8.12,8.1,8.02,170377.14,0.0,0.0,8.08,8.106,8.003,218801.1,277495.78,315584.14,0.11
2018-11-12,8.01,8.11,8.1,7.99,292846.0,0.04,0.5,8.086,8.087,7.979,213083.48,295826.29,317126.11,0.2
2018-11-09,8.06,8.12,8.06,8.0,212399.23,-0.03,-0.37,8.102,8.075,7.955,207083.73,288792.37,313008.47,0.14
2018-11-08,8.09,8.12,8.09,8.04,215522.02,0.04,0.5,8.13,8.075,7.934,239589.66,304046.91,318194.81,0.14
2018-11-07,8.15,8.16,8.05,8.03,202861.12,-0.08,-0.98,8.13,8.058,7.909,275916.92,309081.71,335624.68,0.14
2018-11-06,8.18,8.18,8.13,8.09,141789.05,-0.05,-0.61,8.132,8.045,7.904,336190.46,310184.71,338430.54,0.1
2018-11-05,8.17,8.19,8.18,8.08,262847.22,-0.02,-0.24,8.088,8.021,7.894,378569.09,336032.07,342371.1,0.18
2018-11-02,8.18,8.22,8.2,8.13,374928.88,0.11,1.36,8.048,8.009,7.884,370501.0,366751.65,350309.11,0.25
2018-11-01,8.06,8.2,8.09,8.06,397158.31,0.03,0.37,8.02,7.97,7.886,368504.17,373540.11,350713.85,0.27
2018-10-31,7.97,8.11,8.06,7.97,504228.84,0.15,1.9,7.986,7.921,7.887,342246.5,369721.76,349237.27,0.34
2018-10-30,7.98,8.06,7.91,7.9,353682.22,-0.07,-0.88,7.958,7.9,7.889,284178.97,353672.51,357477.31,0.24
2018-10-29,8.06,8.11,7.98,7.95,222506.77,-0.08,-0.99,7.954,7.87,7.896,293495.04,338425.93,361743.34,0.15
2018-10-26,7.96,8.1,8.06,7.94,364944.69,0.14,1.77,7.97,7.834,7.899,363002.29,337224.57,401682.86,0.25
2018-10-25,7.81,7.99,7.92,7.76,265870.0,0.0,0.0,7.92,7.792,7.9,378576.06,332342.72,411971.28,0.18
2018-10-24,7.87,8.03,7.92,7.87,213891.16,0.03,0.38,7.856,7.759,7.913,397197.02,362167.64,434365.91,0.14
2018-10-23,8.09,8.1,7.89,7.88,400262.59,-0.17,-2.11,7.842,7.763,7.93,423166.04,366676.36,439044.64,0.27
2018-10-22,7.83,8.09,8.06,7.82,570043.0,0.25,3.2,7.786,7.767,7.934,383356.82,348710.12,430111.0,0.38
2018-10-19,7.56,7.83,7.81,7.51,442813.56,0.21,2.76,7.698,7.759,7.928,311446.86,333866.57,416808.17,0.3
2018-10-18,7.81,7.82,7.6,7.6,358974.81,-0.25,-3.19,7.664,7.801,7.932,286109.37,327887.58,428125.29,0.24
2018-10-17,7.71,7.85,7.85,7.66,343736.25,0.24,3.15,7.662,7.852,7.953,327138.26,328752.78,423020.8,0.23
2018-10-16,7.59,7.7,7.61,7.59,201216.48,-0.01,-0.13,7.684,7.877,7.972,310186.68,361282.12,417896.48,0.14
2018-10-15,7.66,7.75,7.62,7.59,210493.19,-0.02,-0.26,7.748,7.921,8.002,314063.42,385060.74,416822.89,0.14
2018-10-12,7.6,7.7,7.64,7.52,316126.12,0.05,0.66,7.82,7.964,8.032,356286.27,466141.14,423638.86,0.21
2018-10-11,7.85,7.88,7.59,7.55,564119.25,-0.37,-4.65,7.938,8.008,8.062,369665.78,491599.85,416987.66,0.38
2018-10-10,7.94,8.05,7.96,7.94,258978.34,0.03,0.38,8.042,8.067,8.094,330367.31,506564.18,400124.57,0.17
2018-10-09,7.95,7.99,7.93,7.9,220600.22,-0.05,-0.63,8.07,8.096,8.114,412377.56,511412.92,404134.98,0.15
2018-10-08,8.14,8.15,7.98,7.94,421607.44,-0.25,-3.04,8.094,8.101,8.135,456058.06,511511.87,416536.55,0.28
2018-09-28,8.15,8.26,8.23,8.11,383023.66,0.12,1.48,8.108,8.096,8.167,575996.01,499749.78,412297.22,0.26
2018-09-27,8.1,8.15,8.11,8.08,367626.88,0.01,0.12,8.078,8.062,8.19,613533.92,528362.99,411787.52,0.25
2018-09-26,8.11,8.16,8.1,8.02,669029.62,0.05,0.62,8.092,8.053,8.217,682761.06,517288.81,432710.82,0.45
2018-09-25,7.96,8.06,8.05,7.93,439002.72,0.0,0.0,8.122,8.066,8.267,610448.28,474510.83,409860.44,0.3
2018-09-21,8.03,8.06,8.05,7.87,1021297.19,-0.03,-0.37,8.108,8.082,8.321,566965.68,448585.03,404395.62,0.69
2018-09-20,8.17,8.22,8.08,7.99,570713.19,-0.1,-1.22,8.084,8.1,8.369,423503.54,381136.58,363595.55,0.38
2018-09-19,8.24,8.3,8.18,8.09,713762.56,-0.07,-0.85,8.046,8.115,8.414,443192.07,342375.47,348658.26,0.48
2018-09-18,7.98,8.25,8.25,7.98,307465.72,0.27,3.38,8.014,8.12,8.449,351816.57,293684.95,322753.79,0.21
2018-09-17,7.93,8.03,7.98,7.89,221589.72,0.05,0.63,8.01,8.132,8.484,338573.39,296857.04,321483.7,0.15
2018-09-14,7.91,7.96,7.93,7.91,303986.53,0.04,0.51,8.056,8.168,8.525,330204.38,321561.22,323052.6,0.2
2018-09-13,8.12,8.12,7.89,7.76,669155.81,-0.13,-1.62,8.116,8.238,8.565,338769.62,324844.66,319655.18,0.45
2018-09-12,8.18,8.22,8.02,8.02,256885.06,-0.21,-2.55,8.184,8.318,8.617,241558.88,295212.05,302064.97,0.17
2018-09-11,8.15,8.24,8.23,8.12,241249.84,0.02,0.24,8.226,8.38,8.656,235553.34,348132.83,301296.97,0.16
2018-09-10,8.2,8.26,8.21,8.13,179744.66,-0.02,-0.24,8.254,8.468,8.692,255140.69,345210.04,302741.38,0.12
2018-09-07,8.22,8.32,8.23,8.11,346812.75,0.0,0.0,8.28,8.559,8.723,312918.07,360206.22,306620.97,0.23
2018-09-06,8.24,8.29,8.23,8.19,183102.08,0.0,0.0,8.36,8.637,8.761,310919.69,346054.51,301241.26,0.12
2018-09-05,8.33,8.4,8.23,8.23,226857.36,-0.14,-1.67,8.452,8.712,8.799,348865.22,354941.05,310581.94,0.15
2018-09-04,8.34,8.39,8.37,8.26,339186.62,0.03,0.36,8.534,8.778,8.831,460712.33,351822.63,312148.28,0.23
2018-09-03,8.58,8.58,8.34,8.23,468631.53,-0.29,-3.36,8.682,8.836,8.854,435279.38,346110.37,308192.24,0.32
2018-08-31,8.73,8.73,8.63,8.53,336820.88,-0.06,-0.69,8.838,8.882,8.87,407494.37,324543.97,296324.66,0.23
2018-08-30,8.66,8.76,8.69,8.65,372829.72,0.05,0.58,8.914,8.892,8.873,381189.33,314465.7,292808.89,0.25
2018-08-29,9.0,9.0,8.64,8.62,786092.88,-0.47,-5.16,8.972,8.915,8.871,361016.88,308917.89,292437.43,0.53
2018-08-28,9.12,9.13,9.11,9.06,212021.91,-0.01,-0.11,9.022,8.931,8.876,242932.94,254461.1,269060.56,0.14
2018-08-27,9.05,9.14,9.12,8.96,329706.47,0.11,1.22,8.99,8.915,8.869,256941.35,260272.72,271573.11,0.22
2018-08-24,8.97,9.04,9.01,8.92,205295.69,0.03,0.33,8.926,8.887,8.86,241593.57,253035.72,275037.12,0.14
2018-08-23,8.92,8.99,8.98,8.83,271967.47,0.09,1.01,8.87,8.884,8.846,247742.07,256428.0,272509.16,0.18
2018-08-22,8.93,8.97,8.89,8.87,195673.14,-0.06,-0.67,8.858,8.885,8.838,256818.9,266222.83,269868.28,0.13
2018-08-21,8.8,8.98,8.95,8.8,282063.97,0.15,1.71,8.84,8.883,8.838,265989.27,272473.92,274504.08,0.19
2018-08-20,8.75,8.86,8.8,8.65,252967.58,0.07,0.8,8.84,8.872,8.835,263604.08,270274.12,283267.82,0.17
2018-08-17,8.93,8.99,8.73,8.72,236038.19,-0.19,-2.13,8.848,8.858,8.844,264477.87,268105.36,289799.03,0.16
2018-08-16,8.75,8.96,8.92,8.7,317351.62,0.1,1.13,8.898,8.853,8.848,265113.92,271152.08,295043.19,0.21
2018-08-15,8.92,8.94,8.8,8.77,241524.97,-0.15,-1.68,8.912,8.826,8.839,275626.77,275956.97,294307.07,0.16
2018-08-14,8.86,8.96,8.95,8.81,270138.06,0.11,1.24,8.926,8.821,8.83,278958.58,283660.01,293337.67,0.18
2018-08-13,8.9,8.9,8.84,8.76,257336.53,-0.13,-1.45,8.904,8.822,8.821,276944.16,282873.51,292288.85,0.17
2018-08-10,9.04,9.04,8.98,8.89,239218.44,-0.01,-0.11,8.868,8.832,8.816,271732.84,297038.51,290443.78,0.16
2018-08-09,8.87,9.02,8.99,8.82,369915.84,0.12,1.35,8.808,8.808,8.802,277190.23,288590.32,287337.66,0.25
2018-08-08,8.8,8.95,8.87,8.78,258184.03,0.02,0.23,8.74,8.79,8.785,276287.17,273513.73,287487.8,0.17
2018-08-07,8.64,8.86,8.84,8.57,260065.94,0.19,2.2,8.716,8.792,8.763,288361.44,276534.23,286759.99,0.17
2018-08-06,8.71,8.81,8.66,8.61,231279.95,-0.03,-0.34,8.74,8.798,8.747,288802.86,296261.53,286301.11,0.16
2018-08-03,8.6,8.81,8.68,8.59,266505.41,0.05,0.58,8.796,8.83,8.733,322344.18,311492.7,288356.58,0.18
2018-08-02,8.78,8.88,8.65,8.52,365400.53,-0.11,-1.26,8.808,8.842,8.711,299990.4,318934.3,290547.13,0.25
2018-08-01,9.0,9.08,8.75,8.74,318555.38,-0.2,-2.23,8.84,8.851,8.689,270740.29,312657.17,291978.61,0.21
2018-07-31,8.99,9.04,8.96,8.91,262273.03,0.01,0.11,8.868,8.838,8.656,264707.02,303015.32,291727.01,0.18
2018-07-30,8.71,8.96,8.94,8.71,398986.56,0.2,2.29,8.856,8.819,8.606,303720.2,301704.19,299359.8,0.27
2018-07-27,8.83,8.87,8.74,8.72,154736.52,-0.07,-0.8,8.864,8.799,8.551,300641.22,283849.04,298063.31,0.1
2018-07-26,8.91,8.95,8.81,8.78,219149.97,-0.08,-0.9,8.876,8.795,8.525,337878.2,286085.0,305511.84,0.15
2018-07-25,8.94,8.95,8.89,8.8,288389.03,0.0,0.0,8.862,8.779,8.489,354574.05,301461.86,316979.52,0.19
2018-07-24,8.99,9.05,8.9,8.87,457338.91,-0.08,-0.89,8.808,8.733,8.488,341323.62,296985.75,331452.25,0.31
2018-07-23,8.84,9.03,8.98,8.8,383591.66,0.18,2.04,8.782,8.696,8.493,299688.18,276340.68,338388.94,0.26
2018-07-20,8.76,8.84,8.8,8.7,340921.41,0.07,0.8,8.734,8.636,8.507,267056.87,265220.46,346108.15,0.23
2018-07-19,8.69,8.85,8.74,8.68,302629.22,0.11,1.27,8.714,8.579,8.527,234291.81,262159.96,352120.67,0.2
2018-07-18,8.8,8.82,8.62,8.61,222136.92,-0.15,-1.71,8.696,8.526,8.549,248349.67,271300.05,371852.41,0.15
2018-07-17,8.78,8.83,8.77,8.7,249161.69,0.03,0.34,8.658,8.473,8.566,252647.88,280438.7,378896.31,0.17
2018-07-16,8.7,8.81,8.74,8.69,220435.11,0.04,0.46,8.61,8.393,8.574,252993.19,297015.42,398931.82,0.15
2018-07-13,8.68,8.72,8.7,8.61,177096.11,0.05,0.58,8.538,8.303,8.594,263384.05,312277.57,406399.6,0.12
2018-07-12,8.45,8.69,8.65,8.4,372918.53,0.22,2.61,8.444,8.255,8.615,290028.11,324938.67,425961.06,0.25
2018-07-11,8.39,8.49,8.43,8.35,243627.95,-0.1,-1.17,8.356,8.199,8.636,294250.42,332497.18,435505.87,0.16
2018-07-10,8.39,8.56,8.53,8.32,250888.23,0.16,1.91,8.288,8.242,8.667,308229.52,365918.75,453911.11,0.17
2018-07-09,8.26,8.39,8.38,8.23,272389.44,0.15,1.82,8.176,8.29,8.682,341037.65,400437.19,465644.24,0.18
2018-07-06,8.25,8.32,8.23,8.08,310316.41,0.01,0.12,8.068,8.377,8.698,361171.1,426995.84,475815.54,0.21
2018-07-05,8.09,8.28,8.21,8.04,394030.09,0.13,1.61,8.066,8.475,8.724,359849.23,442081.37,485009.94,0.27
2018-07-04,7.98,8.19,8.09,7.94,313523.41,0.12,1.51,8.042,8.572,8.754,370743.93,472404.77,490361.69,0.21
2018-07-03,7.96,8.03,7.97,7.85,414928.88,0.11,1.4,8.196,8.658,8.796,423607.97,477353.92,501414.09,0.28
2018-07-02,8.18,8.23,7.84,7.8,373056.69,-0.37,-4.51,8.404,8.754,8.851,459836.74,500848.22,507179.77,0.25
2018-06-29,8.06,8.24,8.22,8.04,303707.09,0.13,1.61,8.686,8.884,8.923,492820.57,500521.63,516759.99,0.2
2018-06-28,8.44,8.44,8.09,8.08,448503.59,-0.3,-3.58,8.884,8.975,8.977,524313.51,526983.45,533148.67,0.3
2018-06-27,9.04,9.08,8.86,8.72,577843.62,-0.14,-1.56,9.102,9.072,9.051,574065.61,538514.57,540202.43,0.39
2018-06-26,9.18,9.2,9.01,8.9,596072.69,-0.24,-2.6,9.12,9.091,9.068,531099.86,541903.47,536780.5,0.4
2018-06-25,9.22,9.33,9.25,9.16,537975.88,0.03,0.33,9.104,9.074,9.074,541859.71,530851.28,530851.28,0.36
2018-06-22,9.14,9.26,9.21,9.08,461171.78,0.02,0.22,9.082,9.054,9.054,508222.69,530059.66,530059.66,0.31
2018-06-21,9.09,9.3,9.18,9.05,697264.06,0.23,2.57,9.066,9.035,9.035,529653.38,538670.64,538670.64,0.47
2018-06-20,8.92,8.97,8.95,8.81,363014.88,0.0,0.0,9.042,9.014,9.014,502963.53,516014.44,516014.44,0.24
2018-06-19,9.09,9.14,8.93,8.78,649871.94,-0.21,-2.3,9.062,9.025,9.025,552707.08,541514.37,541514.37,0.44
2018-06-15,9.15,9.26,9.14,9.05,369790.78,0.01,0.11,9.044,9.044,9.044,519842.85,519842.85,519842.85,0.25
2018-06-14,9.16,9.2,9.13,9.05,568325.25,0.07,0.77,9.02,9.02,9.02,557355.87,557355.87,557355.87,0.38
2018-06-13,9.05,9.21,9.06,9.02,563814.81,0.0,0.0,8.983,8.983,8.983,553699.41,553699.41,553699.41,0.38
2018-06-12,8.86,9.07,9.05,8.82,611732.62,0.21,2.38,8.945,8.945,8.945,548641.72,548641.72,548641.72,0.41
2018-06-11,8.64,8.85,8.84,8.64,485550.81,0.2,2.31,8.84,8.84,8.84,485550.81,485550.81,485550.81,0.33
